Name,Ticker,"Sub-Sector","Market Cap"
Reliance Industries Ltd,RELIANCE,"Oil & Gas - Refining & Marketing","2109983.1330932803"
HDFC Bank Ltd,HDFCBANK,"Private Banks","1526299.99583247"
Bharti Airtel Ltd,BHARTIARTL,"Telecom Services","1266129.6194909099"
Tata Consultancy Services Ltd,TCS,"IT Services & Consulting","1186732.705904"
ICICI Bank Ltd,ICICIBANK,"Private Banks","965182.5132192"
State Bank of India,SBIN,"Public Banks","891954.5773351801"
Infosys Ltd,INFY,"IT Services & Consulting","669987.92350256"
Bajaj Finance Ltd,BAJFINANCE,"Consumer Finance","621513.4963"
Larsen and Toubro Ltd,LT,"Construction & Engineering","556738.84632456"
Life Insurance Corporation Of India,LICI,"Insurance","537466.679642475"
Hindustan Unilever Ltd,HINDUNILVR,"FMCG - Household Products","536975.5870174799"
Maruti Suzuki India Ltd,MARUTI,"Four Wheelers","521782.5118104"
ITC Ltd,ITC,"FMCG - Tobacco","506357.90914496506"
HCL Technologies Ltd,HCLTECH,"IT Services & Consulting","449358.20390001"
Mahindra and Mahindra Ltd,M&M,"Four Wheelers","434788.7677068"
Kotak Mahindra Bank Ltd,KOTAKBANK,"Private Banks","430480.7179299"
Sun Pharmaceutical Industries Ltd,SUNPHARMA,"Pharmaceuticals","412565.6480915"
Axis Bank Ltd,AXISBANK,"Private Banks","381354.99081258"
Titan Company Ltd,TITAN,"Precious Metals, Jewellery & Watches","354108.467792"
UltraTech Cement Ltd,ULTRACEMCO,"Cement","346848.2800058"
Adani Ports and Special Economic Zone Ltd,ADANIPORTS,"Ports","342621.75746358"
Bajaj Finserv Ltd,BAJAJFINSV,"Insurance","322143.31844032"
NTPC Ltd,NTPC,"Power Generation","314268.94940294"
Oil and Natural Gas Corporation Ltd,ONGC,"Oil & Gas - Exploration & Production","295045.288218318"
Hindustan Aeronautics Ltd,HAL,"Aerospace & Defense Equipments","294876.273"
Bharat Electronics Ltd,BEL,"Electronic Equipments","291258.137441505"
Wipro Ltd,WIPRO,"IT Services & Consulting","278946.80235681"
Adani Enterprises Ltd,ADANIENT,"Commodities Trading","275952.14708763"
Adani Power Ltd,ADANIPOWER,"Power Generation","274209.07401039504"
Hindustan Zinc Ltd,HINDZINC,"Mining - Diversified","269089.440515"
JSW Steel Ltd,JSWSTEEL,"Iron & Steel","267312.3770592"
Asian Paints Ltd,ASIANPAINT,"Paints","263273.50729905"
Eternal Ltd,ETERNAL,"Online Services","256360.558368775"
Bajaj Auto Ltd,BAJAJ-AUTO,"Two Wheelers","253318.8211959"
Coal India Ltd,COALINDIA,"Mining - Coal","247834.119670305"
Power Grid Corporation of India Ltd,POWERGRID,"Power Transmission & Distribution","246884.52837535497"
Avenue Supermarts Ltd,DMART,"Retail - Department Stores","246458.64217432003"
Nestle India Ltd,NESTLEIND,"FMCG - Foods","245397.2803632"
Vedanta Ltd,VEDL,"Metals - Diversified","234699.52769697"
Indian Oil Corporation Ltd,IOC,"Oil & Gas - Refining & Marketing","226363.45127949"
Tata Steel Ltd,TATASTEEL,"Iron & Steel","211121.485421392"
SBI Life Insurance Company Ltd,SBILIFE,"Insurance","202481.37259058"
Eicher Motors Ltd,EICHERMOT,"Trucks & Buses","200896.7611788"
Interglobe Aviation Ltd,INDIGO,"Airlines","196156.0694252"
Hindalco Industries Ltd,HINDALCO,"Metals - Aluminium","195104.28610904"
Grasim Industries Ltd,GRASIM,"Cement","191165.595496895"
Jio Financial Services Ltd,JIOFIN,"Consumer Finance","188656.540494985"
Hyundai Motor India Ltd,HYUNDAI,"Four Wheelers","188598.914721"
Shriram Finance Ltd,SHRIRAMFIN,"Consumer Finance","180657.795748525"
LTIMindtree Ltd,LTIM,"IT Services & Consulting","178933.52273715"
Indian Railway Finance Corp Ltd,IRFC,"Specialized Finance","174647.514184"
TVS Motor Company Ltd,TVSMOTOR,"Two Wheelers","172590.34540667"
DLF Ltd,DLF,"Real Estate","172034.163567"
Divi's Laboratories Ltd,DIVISLAB,"Labs & Life Sciences Services","170629.929795"
Adani Green Energy Ltd,ADANIGREEN,"Renewable Energy","167699.00434055"
Varun Beverages Ltd,VBL,"Soft Drinks","163299.32771116498"
HDFC Life Insurance Company Ltd,HDFCLIFE,"Insurance","161446.35441752"
Bharat Petroleum Corporation Ltd,BPCL,"Oil & Gas - Refining & Marketing","158789.3008608"
Tech Mahindra Ltd,TECHM,"IT Services & Consulting","157960.47051959"
Muthoot Finance Ltd,MUTHOOTFIN,"Consumer Finance","152437.5803372"
Trent Ltd,TRENT,"Retail - Apparel","152337.04166233"
Tata Motors Ltd,TMCV,"Trucks & Buses","150478.47155764498"
Bank of Baroda Ltd,BANKBARODA,"Public Banks","149038.65799878"
Pidilite Industries Ltd,PIDILITIND,"Diversified Chemicals","148443.76870752"
Britannia Industries Ltd,BRITANNIA,"FMCG - Foods","145303.799562"
Tata Capital Ltd,TATACAP,"Consumer Finance","143710.041247635"
Cholamandalam Investment and Finance Company Ltd,CHOLAFIN,"Consumer Finance","143303.1295758"
Punjab National Bank,PNB,"Public Banks","138340.55811691599"
Ambuja Cements Ltd,AMBUJACEM,"Cement","137099.68920726998"
Canara Bank Ltd,CANBK,"Public Banks","136123.26345882"
Tata Motors Passenger Vehicles Ltd,TMPV,"Four Wheelers","132122.04966324"
Vodafone Idea Ltd,IDEA,"Telecom Services","129361.58379119399"
Torrent Pharmaceuticals Ltd,TORNTPHARM,"Pharmaceuticals","129171.0866304"
Samvardhana Motherson International Ltd,MOTHERSON,"Auto Parts","125903.94578732901"
Bajaj Holdings and Investment Ltd,BAJAJHLDNG,"Asset Management","124147.910405"
Godrej Consumer Products Ltd,GODREJCP,"FMCG - Personal Products","123423.76136022"
Adani Energy Solutions Ltd,ADANIENSOL,"Power Infrastructure","121966.22664226001"
Cipla Ltd,CIPLA,"Pharmaceuticals","121650.4327788"
Tata Power Company Ltd,TATAPOWER,"Power Transmission & Distribution","121279.112506385"
Cummins India Ltd,CUMMINSIND,"Industrial Machinery","120482.208"
Power Finance Corporation Ltd,PFC,"Specialized Finance","117021.6084096"
Tata Consumer Products Ltd,TATACONSUM,"Tea & Coffee","116340.92839308"
Union Bank of India Ltd,UNIONBANK,"Public Banks","114672.023428354"
Polycab India Ltd,POLYCAB,"Electrical Components & Equipments","113754.39712245"
HDFC Asset Management Company Ltd,HDFCAMC,"Asset Management","113381.82400223998"
Hero MotoCorp Ltd,HEROMOTOCO,"Two Wheelers","112786.0046844"
Solar Industries India Ltd,SOLARINDS,"Commodity Chemicals","112542.4814035"
Gail (India) Ltd,GAIL,"Gas Distribution","112447.01205458601"
Indus Towers Ltd,INDUSTOWER,"Telecom Infrastructure","110720.11750938001"
Siemens Ltd,SIEMENS,"Conglomerates","110429.40739545"
ABB India Ltd,ABB,"Heavy Electrical Equipments","109832.1107625"
IDBI Bank Ltd,IDBI,"Private Banks","108997.100847975"
GMR Airports Ltd,GMRAIRPORT,"Construction & Engineering","108176.70862824"
BSE Ltd,BSE,"Stock Exchanges & Ratings","107893.5254973"
Lodha Developers Ltd,LODHA,"Real Estate","107215.50580105"
Bosch Ltd,BOSCHLTD,"Auto Parts","105749.44622"
Dr Reddy's Laboratories Ltd,DRREDDY,"Pharmaceuticals","105673.2778749"
Indian Hotels Company Ltd,INDHOTEL,"Hotels, Resorts & Cruise Lines","105277.04750891999"
Indian Bank,INDIANB,"Public Banks","104854.411100945"
Max Healthcare Institute Ltd,MAXHEALTH,"Hospitals & Diagnostic Centres","104504.61170021999"
United Spirits Ltd,UNITDSPR,"Alcoholic Beverages","103894.79584251999"
LG Electronics India Ltd,LGEINDIA,"Home Electronics & Appliances","103322.73351024"
CG Power and Industrial Solutions Ltd,CGPOWER,"Heavy Electrical Equipments","103310.9871504"
Apollo Hospitals Enterprise Ltd,APOLLOHOSP,"Hospitals & Diagnostic Centres","102892.3005492"
Ashok Leyland Ltd,ASHOKLEY,"Trucks & Buses","102604.491314336"
Mazagon Dock Shipbuilders Ltd,MAZDOCK,"Shipbuilding","102514.9932"
Billionbrains Garage Ventures Ltd,GROWW,"Investment Banking & Brokerage","102006.337134013"
Swiggy Ltd,SWIGGY,"Online Services","101654.27574975"
Jindal Steel Ltd,JINDALSTEL,"Iron & Steel","100375.20076905"
Hindustan Petroleum Corp Ltd,HINDPETRO,"Oil & Gas - Refining & Marketing","99518.25912009"
Persistent Systems Ltd,PERSISTENT,"Software Services","98098.7774394"
Bharat Heavy Electricals Ltd,BHEL,"Heavy Electrical Equipments","98020.08344325"
ICICI Lombard General Insurance Company Ltd,ICICIGI,"Insurance","97118.740875"
Lupin Ltd,LUPIN,"Pharmaceuticals","96494.17977944"
Marico Ltd,MARICO,"FMCG - Personal Products","96235.75795263001"
Shree Cement Ltd,SHREECEM,"Cement","95325.336216"
ICICI Prudential Life Insurance Company Ltd,ICICIPRULI,"Insurance","94086.718258365"
REC Limited,RECLTD,"Specialized Finance","94032.42904"
Siemens Energy India Ltd,ENRIN,"Power Generation","93485.19376755"
SRF Ltd,SRF,"Diversified Chemicals","91939.123722"
Zydus Lifesciences Ltd,ZYDUSLIFE,"Pharmaceuticals","91723.25935845"
Bharti Hexacom Ltd,BHARTIHEXA,"Telecom Services","91400"
Aditya Birla Capital Ltd,ABCAPITAL,"Diversified Financials","91120.08570984"
Mankind Pharma Ltd,MANKIND,"Pharmaceuticals","90528.1522896"
Meesho Ltd,MEESHO,"Retail - Online","89287.783704"
Havells India Ltd,HAVELLS,"Electrical Components & Equipments","88957.56533244"
Info Edge (India) Ltd,NAUKRI,"Online Services","88426.0105699"
PB Fintech Ltd,POLICYBZR,"Online Services","88105.14518795999"
Waaree Energies Ltd,WAAREEENER,"Renewable Energy Equipment & Services","87635.55452635"
Dabur India Ltd,DABUR,"FMCG - Personal Products","86591.55419704001"
One 97 Communications Ltd,PAYTM,"Online Services","84118.59834168"
JSW Energy Ltd,JSWENERGY,"Power Generation","83727.34384848"
SBI Cards and Payment Services Ltd,SBICARD,"Payment Infrastructure","82273.382004"
Hitachi Energy India Ltd,POWERINDIA,"Heavy Electrical Equipments","81790.286105"
Rail Vikas Nigam Ltd,RVNL,"Specialized Finance","80888.3547795"
Bajaj Housing Finance Ltd,BAJAJHFL,"Consumer Finance","79230.055723686"
NHPC Ltd,NHPC,"Renewable Energy","78712.89273198"
GE Vernova T&D India Ltd,GVT&D,"Heavy Electrical Equipments","78685.66067085"
Ntpc Green Energy Ltd,NTPCGREEN,"Renewable Energy","78348.013262362"
Lenskart Solutions Ltd,LENSKART,"Retail - Speciality","78251.319784635"
L&T Finance Ltd,LTF,"Consumer Finance","75360.5452649"
Dixon Technologies (India) Ltd,DIXON,"Home Electronics & Appliances","74813.3839704"
Fsn E-Commerce Ventures Ltd,NYKAA,"Wellness Services","74268.17884942"
UNO Minda Ltd,UNOMINDA,"Auto Parts","73366.3391526"
IDFC First Bank Ltd,IDFCFIRSTB,"Private Banks","73166.503346496"
Suzlon Energy Ltd,SUZLON,"Renewable Energy Equipment & Services","72949.59830788"
AU Small Finance Bank Ltd,AUBANK,"Consumer Finance","72822.142847115"
NMDC Ltd,NMDC,"Mining - Iron Ore","72629.20478055"
Aurobindo Pharma Ltd,AUROPHARMA,"Pharmaceuticals","70056.29176626"
Coromandel International Ltd,COROMANDEL,"Fertilizers & Agro Chemicals","69395.74618732"
Prestige Estates Projects Ltd,PRESTIGE,"Real Estate","69330.33814272"
Lloyds Metals and Energy Ltd,LLOYDSME,"Iron & Steel","69193.46706885"
Bharat Forge Ltd,BHARATFORG,"Iron & Steel","69026.43668816"
Fortis Healthcare Ltd,FORTIS,"Hospitals & Diagnostic Centres","68127.42327551999"
Oracle Financial Services Software Ltd,OFSS,"Software Services","67673.0439077"
Yes Bank Ltd,YESBANK,"Private Banks","67526.40963728"
Indusind Bank Ltd,INDUSINDBK,"Private Banks","66209.77148042"
Alkem Laboratories Ltd,ALKEM,"Pharmaceuticals","66179.2275"
Phoenix Mills Ltd,PHOENIXLTD,"Real Estate","66169.9912824"
Oil India Ltd,OIL,"Oil & Gas - Exploration & Production","65511.628782525"
Torrent Power Ltd,TORNTPOWER,"Power Transmission & Distribution","65467.14830656"
Indian Overseas Bank,IOB,"Public Banks","65337.609174435"
UPL Ltd,UPL,"Fertilizers & Agro Chemicals","65334.447316155005"
Jindal Stainless Ltd,JSL,"Iron & Steel","65241.6844212"
General Insurance Corporation of India,GICRE,"Insurance","65140.872"
Federal Bank Ltd,FEDERALBNK,"Private Banks","64503.5658968"
MRF Ltd,MRF,"Tires & Rubber","63704.0884315"
Vishal Mega Mart Ltd,VMM,"FMCG - Foods","63674.33623455601"
Bank of India Ltd,BANKINDIA,"Public Banks","63632.638763081995"
Berger Paints India Ltd,BERGEPAINT,"Paints","63197.32649569499"
HDB Financial Services Ltd,HDBFS,"Consumer Finance","62789.84421024"
Adani Total Gas Ltd,ATGL,"Gas Distribution","62667.17852934"
Abbott India Ltd,ABBOTINDIA,"Pharmaceuticals","61421.107431"
Oberoi Realty Ltd,OBEROIRLTY,"Real Estate","61106.99195021999"
Godrej Properties Ltd,GODREJPROP,"Real Estate","60319.58244944"
Patanjali Foods Ltd,PATANJALI,"Packaged Foods & Meats","59455.252730475"
Schaeffler India Ltd,SCHAEFFLER,"Auto Parts","59454.7899946"
JSW Infrastructure Ltd,JSWINFRA,"Ports","59174.146533069994"
Laurus Labs Ltd,LAURUSLABS,"Pharmaceuticals","58574.439147"
Max Financial Services Ltd,MFSL,"Insurance","57703.1897112"
Fertilisers And Chemicals Travancore Ltd,FACT,"Fertilizers & Agro Chemicals","57502.05096951"
Colgate-Palmolive (India) Ltd,COLPAL,"FMCG - Personal Products","56774.281241159995"
Sundaram Finance Ltd,SUNDARMFIN,"Consumer Finance","56740.07233375"
Glenmark Pharmaceuticals Ltd,GLENMARK,"Pharmaceuticals","56739.294657540006"
Indian Railway Catering and Tourism Corporation Ltd,IRCTC,"Online Services","56440"
Multi Commodity Exchange of India Ltd,MCX,"Stock Exchanges & Ratings","56363.3974188"
National Aluminium Co Ltd,NATIONALUM,"Metals - Aluminium","56357.046384094996"
Coforge Ltd,COFORGE,"IT Services & Consulting","56062.54573264"
Knowledge Realty Trust,KRT,"Real Estate","55367.912668926"
Nippon Life India Asset Management Ltd,NAM-INDIA,"Asset Management","55245.41110125"
CPSE ETF,CPSEETF,"Equity","54969.5708273"
Mahindra and Mahindra Financial Services Ltd,M&MFIN,"Consumer Finance","54762.89174991"
Steel Authority of India Ltd,SAIL,"Iron & Steel","54655.110624048"
Mphasis Ltd,MPHASIS,"IT Services & Consulting","54319.70892618"
Bharat Dynamics Ltd,BDL,"Aerospace & Defense Equipments","54174.271875"
Biocon Ltd,BIOCON,"Biotechnology","52795.58018273"
APL Apollo Tubes Ltd,APLAPOLLO,"Building Products - Pipes","52364.93086386"
Motilal Oswal Financial Services Ltd,MOTILALOFS,"Diversified Financials","51898.66163399"
Linde India Ltd,LINDEINDIA,"Commodity Chemicals","50795.2832188"
Kalyan Jewellers India Ltd,KALYANKJIL,"Precious Metals, Jewellery & Watches","50719.22664413"
Tata Communications Ltd,TATACOMM,"Telecom Services","50661.6"
Tube Investments of India Ltd,TIINDIA,"Cycles","50327.781708"
PI Industries Ltd,PIIND,"Diversified Chemicals","49077.511613790004"
Authum Investment & Infrastructure Ltd,AIIL,"Specialized Finance","48971.437683"
L&T Technology Services Ltd,LTTS,"Software Services","47889.153551940006"
360 One Wam Ltd,360ONE,"Investment Banking & Brokerage","47797.5868481"
Altius Telecom Infrastructure Trust,ALTIUSINVIT,"Telecom Infrastructure","46643.5044"
Hindustan Copper Ltd,HINDCOPPER,"Mining - Copper","45991.6623912"
Hexaware Technologies Ltd,HEXT,"IT Services & Consulting","45895.0605432"
Voltas Ltd,VOLTAS,"Home Electronics & Appliances","45698.4914414"
Housing and Urban Development Corporation Ltd,HUDCO,"Specialized Finance","44368.1097"
Balkrishna Industries Ltd,BALKRISIND,"Tires & Rubber","44335.3643546"
Radico Khaitan Ltd,RADICO,"Alcoholic Beverages","44255.81491917"
Godfrey Phillips India Ltd,GODFRYPHLP,"FMCG - Tobacco","44071.0864704"
J K Cement Ltd,JKCEMENT,"Cement","43930.86410605"
Bank of Maharashtra Ltd,MAHABANK,"Public Banks","43834.17166005"
Cochin Shipyard Ltd,COCHINSHIP,"Shipbuilding","43463.5756638"
United Breweries Ltd,UBL,"Alcoholic Beverages","42936.75214611"
Petronet LNG Ltd,PETRONET,"Oil & Gas - Storage & Transportation","42255.00247896"
Procter & Gamble Hygiene and Health Care Ltd,PGHH,"FMCG - Personal Products","42036.65312"
KEI Industries Ltd,KEI,"Cables","41752.6038603"
GlaxoSmithKline Pharmaceuticals Ltd,GLAXO,"Pharmaceuticals","41746.72895862"
Supreme Industries Ltd,SUPREMEIND,"Plastic Products","41577.1648197"
ITC Hotels Ltd,ITCHOTELS,"Hotels, Resorts & Cruise Lines","41342.560868212"
Embassy Office Parks REIT,EMBASSY,"Real Estate","40742.368861626004"
Escorts Kubota Ltd,ESCORTS,"Tractors","40688.34340095"
Page Industries Ltd,PAGEIND,"Apparel & Accessories","40678.178478"
Dalmia Bharat Ltd,DALBHARAT,"Cement","40525.49980518"
Gujarat Fluorochemicals Ltd,FLUOROCHEM,"Specialty Chemicals","39850.2845"
Container Corporation of India Ltd,CONCOR,"Logistics","39626.98115805"
Indian Renewable Energy Development Agency Ltd,IREDA,"Specialized Finance","39607.351647532"
Premier Energies Ltd,PREMIERENE,"Renewable Energy","39387.1637944"
3M India Ltd,3MINDIA,"Stationery","38948.979525"
Poonawalla Fincorp Ltd,POONAWALLA,"Consumer Finance","38200.6203557"
Narayana Hrudayalaya Ltd,NH,"Hospitals & Diagnostic Centres","37766.41431825"
Physicswallah Ltd,PWL,"Education Services","37685.027765"
Astral Ltd,ASTRAL,"Building Products - Pipes","37342.372657"
Jubilant Foodworks Ltd,JUBLFOOD,"Restaurants & Cafes","36806.68810584"
Anthem Biosciences Ltd,ANTHEM,"Biotechnology","36726.489285145"
IPCA Laboratories Ltd,IPCALAB,"Pharmaceuticals","36528.33330764"
Blue Star Ltd,BLUESTARCO,"Home Electronics & Appliances","36263.98270532"
AIA Engineering Ltd,AIAENG,"Industrial Machinery","36248.4313191"
UCO Bank,UCOBANK,"Public Banks","35900.757356877"
Endurance Technologies Ltd,ENDURANCE,"Auto Parts","35866.21298304"
Tata Investment Corporation Ltd,TATAINVEST,"Asset Management","35786.0528608"
Cholamandalam Financial Holdings Ltd,CHOLAHLDNG,"Diversified Financials","34896.56353808"
NLC India Ltd,NLCINDIA,"Metals - Diversified","34656.208768737"
Apar Industries Ltd,APARINDS,"Electrical Components & Equipments","34645.1716875"
Thermax Limited,THERMAX,"Industrial Machinery","33933.95187812"
Godrej Industries Ltd,GODREJIND,"Diversified Chemicals","33889.303202040006"
Ajanta Pharma Ltd,AJANTPHARM,"Pharmaceuticals","33502.73693184"
Central Bank of India Ltd,CENTRALBK,"Public Banks","33363.465095964"
Tata Elxsi Ltd,TATAELXSI,"Software Services","33315.4884692"
NBCC (India) Ltd,NBCC,"Construction & Engineering","32956.2"
KPIT Technologies Ltd,KPITTECH,"IT Services & Consulting","32897.57911848"
ACC Ltd,ACC,"Cement","32586.723748390003"
KPR Mill Ltd,KPRMILL,"Textiles","32065.57134"
Apollo Tyres Ltd,APOLLOTYRE,"Tires & Rubber","32039.261163"
Aster DM Healthcare Ltd,ASTERDM,"Hospitals & Diagnostic Centres","31943.006577045002"
Go Digit General Insurance Ltd,GODIGIT,"Insurance","31934.618678184997"
Global Health Ltd,MEDANTA,"Hospitals & Diagnostic Centres","31564.89826"
Metro Brands Ltd,METROBRAND,"Footwear","31204.589329140003"
CRISIL Ltd,CRISIL,"Stock Exchanges & Ratings","31145.342940129998"
Exide Industries Ltd,EXIDEIND,"Batteries","31037.75"
Central Depository Services (India) Ltd,CDSL,"Stock Exchanges & Ratings","30988.43"
AWL Agri Business Ltd,AWL,"FMCG - Foods","30691.730566525"
Delhivery Ltd,DELHIVERY,"Logistics","30466.200681225"
Nippon India ETF Nifty IT,ITBEES,"Equity","30413.5347939"
ITI Ltd,ITI,"Telecom Equipments","30228.737503965003"
Sona BLW Precision Forgings Ltd,SONACOMS,"Auto Parts","29973.16820475"
Motherson Sumi Wiring India Ltd,MSUMI,"Cables","29928.690145673998"
LIC Housing Finance Ltd,LICHSGFIN,"Home Financing","29673.148535"
Navin Fluorine International Ltd,NAVINFLUOR,"Specialty Chemicals","29589.6778863"
National Highways Infra Trust,NHIT,"Roads","29246.44406"
Honeywell Automation India Ltd,HONAUT,"Electronic Equipments","29181.4466615"
SJVN Ltd,SJVN,"Renewable Energy","29135.50142745"
Inventurus Knowledge Solutions Ltd,IKS,"Health Care Equipment & Supplies","28965.272390559996"
Mindspace Business Parks REIT,MINDSPACE,"Real Estate","28689.50324323"
Garden Reach Shipbuilders & Engineers Ltd,GRSE,"Shipbuilding","28594.47024"
TVS Holdings Ltd,TVSHLTD,"Auto Parts","28509.0577464"
J B Chemicals and Pharmaceuticals Ltd,JBCHEPHARM,"Pharmaceuticals","28488.54285816"
ZF Commercial Vehicle Control Systems India Ltd,ZFCVINDIA,"Auto Parts","28009.4312928"
Gillette India Ltd,GILLETTE,"FMCG - Personal Products","27589.9032339"
Aegis Vopak Terminals Ltd,AEGISVOPAK,"Oil & Gas - Storage & Transportation","27478.1889272"
Pine Labs Ltd,PINELABS,"Software Services","27276.157059258"
Gland Pharma Ltd,GLAND,"Pharmaceuticals","27242.47454305"
Kaynes Technology India Ltd,KAYNES,"Electrical Components & Equipments","27219.4212567"
Gujarat Gas Ltd,GUJGASLTD,"Gas Distribution","27122.570925"
Indraprastha Gas Ltd,IGL,"Gas Distribution","27094.2309648"
Ather Energy Ltd,ATHERENERG,"Two Wheelers","27078.011902455"
Emcure Pharmaceuticals Ltd,EMCURE,"Pharmaceuticals","27070.9597116"
Tata Technologies Ltd,TATATECH,"IT Services & Consulting","26557.94759982"
Manappuram Finance Ltd,MANAPPURAM,"Consumer Finance","26523.032233215"
Syngene International Ltd,SYNGENE,"Labs & Life Sciences Services","26298.331917220003"
PTC Industries Ltd,PTCIL,"Iron & Steel","26142.5076913"
Star Health and Allied Insurance Company Ltd,STARHEALTH,"Insurance","26075.57722235"
IRB Infrastructure Developers Ltd,IRB,"Construction & Engineering","25490.619"
IIFL Finance Ltd,IIFL,"Investment Banking & Brokerage","25481.783525475"
Mangalore Refinery and Petrochemicals Ltd,MRPL,"Oil & Gas - Refining & Marketing","25414.434865277"
Karur Vysya Bank Ltd,KARURVYSYA,"Private Banks","25403.808235228"
Asahi India Glass Ltd,ASAHIINDIA,"Auto Parts","25378.0019636"
New India Assurance Company Ltd,NIACL,"Insurance","25349.536"
Aegis Logistics Ltd,AEGISLOG,"Oil & Gas - Storage & Transportation","25300.08"
Anand Rathi Wealth Ltd,ANANDRATHI,"Asset Management","25184.3093239"
Ramco Cements Limited,RAMCOCEM,"Cement","25122.6058416"
Brookfield India Real Estate Trust,BIRET,"Real Estate","25084.181276649"
Krishna Institute of Medical Sciences Ltd,KIMS,"Hospitals & Diagnostic Centres","25058.700804375"
Affle 3i Ltd,AFFLE,"Advertising","25046.15332748"
HBL Engineering Ltd,HBLENGINE,"Batteries","24878.2464035"
Nippon India Silver ETF,SILVERBEES,"Equity","24813.62329735"
Sagility Ltd,SAGILITY,"Specialized Finance","24637.831437619"
PNB Housing Finance Ltd,PNBHOUSING,"Home Financing","24586.79817594"
Himadri Speciality Chemical Ltd,HSCL,"Commodity Chemicals","24345.56193225"
Deepak Nitrite Ltd,DEEPAKNTR,"Commodity Chemicals","24076.09959732"
Nexus Select Trust,NXST,"Real Estate","23941.545"
KIOCL Ltd,KIOCL,"Iron & Steel","23924.12189404"
Firstsource Solutions Ltd,FSL,"Outsourced services","23689.14619533"
Dr. Lal PathLabs Ltd,LALPATHLAB,"Hospitals & Diagnostic Centres","23489.22499585"
Amber Enterprises India Ltd,AMBER,"Home Electronics & Appliances","23396.4423384"
Bandhan Bank Ltd,BANDHANBNK,"Private Banks","23339.75371564"
Wockhardt Ltd,WOCKPHARMA,"Pharmaceuticals","23306.25179967"
Pfizer Ltd,PFIZER,"Pharmaceuticals","23113.12663836"
Sumitomo Chemical India Ltd,SUMICHEM,"Commodity Chemicals","23063.02873188"
Piramal Pharma Ltd,PPLPHARMA,"Pharmaceuticals","23039.86475687"
EIH Ltd,EIHOTEL,"Hotels, Resorts & Cruise Lines","22957.119121220003"
Force Motors Ltd,FORCEMOT,"Four Wheelers","22946.460273"
Shyam Metalics and Energy Ltd,SHYAMMETL,"Iron & Steel","22764.64866984"
Angel One Ltd,ANGELONE,"Investment Banking & Brokerage","22671.68222762"
Sun Tv Network Ltd,SUNTV,"TV Channels & Broadcasters","22545.5811102"
Timken India Ltd,TIMKEN,"Industrial Machinery","22475.3577192"
Emami Ltd,EMAMILTD,"FMCG - Personal Products","22466.655"
Jyoti CNC Automation Ltd,JYOTICNC,"Industrial Machinery","22362.513029679998"
Bharat 22 ETF,ICICIB22,"Equity","22343.20521979"
Aditya Birla Sun Life AMC Ltd,ABSLAMC,"Asset Management","22248.856709125"
UTI BSE Sensex ETF,SENSEXBETA,"Equity","22219.656304972"
Astrazeneca Pharma India Ltd,ASTRAZEN,"Pharmaceuticals","22197.5"
CESC Ltd,CESC,"Power Generation","22082.67779337"
eClerx Services Limited,ECLERX,"Outsourced services","21967.491034439998"
Inox Wind Ltd,INOXWIND,"Heavy Electrical Equipments","21850.110783546"
City Union Bank Ltd,CUB,"Private Banks","21695.244297495003"
Hatsun Agro Product Ltd,HATSUN,"FMCG - Foods","21631.08430548"
JSW Holdings Ltd,JSWHL,"Asset Management","21552.49078"
Brigade Enterprises Ltd,BRIGADE,"Real Estate","21517.070515364998"
National Securities Depository Ltd,NSDL,"Stock Exchanges & Ratings","21455"
Welspun Corp Ltd,WELCORP,"Iron & Steel","21278.269950320002"
Redington Ltd,REDINGTON,"Technology Hardware","21182.178207945002"
Aadhar Housing Finance Ltd,AADHARHFC,"Consumer Finance","20995.7415008"
Tenneco Clean Air India Ltd,TENNIND,"Auto Parts","20844.144538304998"
Eris Lifesciences Ltd,ERIS,"Pharmaceuticals","20785.33539769"
Cohance Lifesciences Ltd,COHANCE,"Pharmaceuticals","20557.2452679"
Bayer Cropscience Ltd,BAYERCROP,"Fertilizers & Agro Chemicals","20451.797806439998"
Kalpataru Projects International Ltd,KPIL,"Power Infrastructure","20426.10422706"
CreditAccess Grameen Ltd,CREDITACC,"Consumer Finance","20195.6934308"
Anant Raj Ltd,ANANTRAJ,"Real Estate","19960.57392245"
Onesource Specialty Pharma Ltd,ONESOURCE,"Biotechnology","19949.2721776"
Sundram Fasteners Ltd,SUNDRMFAST,"Auto Parts","19588.1666514"
KEC International Ltd,KEC,"Construction & Engineering","19487.171"
Tata Chemicals Ltd,TATACHEM,"Diversified Chemicals","19437.9040114"
DCM Shriram Ltd,DCMSHRIRAM,"Diversified Chemicals","19257.42766718"
Neuland Laboratories Ltd,NEULANDLAB,"Pharmaceuticals","19216.6077442"
Kansai Nerolac Paints Ltd,KANSAINER,"Paints","19195.904727288"
Castrol India Ltd,CASTROLIND,"Commodity Chemicals","19137.539885632"
Punjab & Sind Bank,PSB,"Public Banks","19044.550730479998"
E I D-Parry (India) Ltd,EIDPARRY,"Sugar","19009.25726579"
Prime Focus Ltd,PFOCUS,"Animation","19002.456514936"
Kfin Technologies Ltd,KFINTECH,"Business Support Services","18975.431166579998"
Chambal Fertilisers and Chemicals Ltd,CHAMBLFERT,"Fertilizers & Agro Chemicals","18970.88626295"
Chalet Hotels Ltd,CHALET,"Hotels, Resorts & Cruise Lines","18956.07864996"
Sai Life Sciences Ltd,SAILIFE,"Biotechnology","18858.219451365"
Bikaji Foods International Ltd,BIKAJI,"FMCG - Foods","18779.4176874"
Gujarat Mineral Development Corporation Ltd,GMDCLTD,"Mining - Diversified","18730.2"
RBL Bank Ltd,RBLBANK,"Private Banks","18715.270225675"
Cube Highways Trust,CUBEINVIT,"Roads","18682.5696918"
Aditya Birla Real Estate Ltd,ABREL,"Textiles","18589.17035088"
Urban Company Ltd,URBANCO,"Online Services","18568.04686596"
Computer Age Management Services Ltd,CAMS,"Diversified Financials","18544.0795488"
Kirloskar Oil Engines Ltd,KIRLOSENG,"Industrial Machinery","18454.18294972"
Sarda Energy & Minerals Ltd,SARDAEN,"Iron & Steel","18434.82614005"
Century Plyboards (India) Ltd,CENTURYPLY,"Wood Products","18371.4845431"
Choice International Ltd,CHOICEIN,"Investment Banking & Brokerage","18323.367125"
Tbo Tek Ltd,TBOTEK,"Tour & Travel Services","18095.98701768"
Devyani International Ltd,DEVYANI,"Restaurants & Cafes","17856.922262844"
Netweb Technologies India Ltd,NETWEB,"IT Services & Consulting","17832.371491679998"
Atul Ltd,ATUL,"Diversified Chemicals","17807.84551175"
Poly Medicure Ltd,POLYMED,"Health Care Equipment & Supplies","17806.8352032"
Aditya Infotech Ltd,CPPLUS,"Electronic Equipments","17664.665455320002"
Craftsman Automation Ltd,CRAFTSMAN,"Industrial Machinery","17604.22747485"
Schneider Electric Infrastructure Ltd,SCHNEIDER,"Heavy Electrical Equipments","17378.0812638"
Grindwell Norton Ltd,GRINDWELL,"Industrial Machinery","17344.288"
Triveni Turbine Ltd,TRITURBINE,"Heavy Electrical Equipments","17318.4439896"
Capri Global Capital Ltd,CGCL,"Consumer Finance","17192.729146978"
Allied Blenders and Distillers Ltd,ABDL,"Alcoholic Beverages","17161.616314605"
Jubilant Pharmova Ltd,JUBLPHARMA,"Pharmaceuticals","17008.09104978"
Godawari Power and Ispat Ltd,GPIL,"Iron & Steel","16913.003847408"
BASF India Ltd,BASF,"Diversified Chemicals","16853.6967904"
Amara Raja Energy & Mobility Ltd,ARE&M,"Batteries","16845.65450256"
Ventive Hospitality Ltd,VENTIVE,"Hotels, Resorts & Cruise Lines","16825.50514836"
Ircon International Ltd,IRCON,"Construction & Engineering","16807.95678954"
Alembic Pharmaceuticals Ltd,APLLTD,"Pharmaceuticals","16751.10942728"
Gujarat State Petronet Ltd,GSPL,"Gas Distribution","16748.614696560002"
Elitecon International Ltd,ELITECON,"FMCG - Tobacco","16736.295"
R R Kabel Ltd,RRKABEL,"Cables","16665.95555137"
PG Electroplast Ltd,PGEL,"Electronic Equipments","16578.43864752"
Crompton Greaves Consumer Electricals Ltd,CROMPTON,"Home Electronics & Appliances","16538.953564375"
Paradeep Phosphates Ltd,PARADEEP,"Fertilizers & Agro Chemicals","16508.896770045"
Vinati Organics Ltd,VINATIORGA,"Specialty Chemicals","16474.54223744"
Vertis Infrastructure Trust,VERTIS,"Roads","16473.92541818"
Zensar Technologies Ltd,ZENSARTECH,"IT Services & Consulting","16447.28519115"
Five-Star Business Finance Ltd,FIVESTAR,"Consumer Finance","16278.86919796"
Natco Pharma Ltd,NATCOPHARM,"Pharmaceuticals","16272.1316895"
Ratnamani Metals and Tubes Ltd,RATNAMANI,"Building Products - Pipes","16204.56948"
Maharashtra Scooters Ltd,MAHSCOOTER,"Two Wheelers","16162.2808656"
Carborundum Universal Ltd,CARBORUNIV,"Industrial Machinery","16149.9788672"
Signatureglobal (India) Ltd,SIGNATURE,"Real Estate","15998.54727726"
Belrise Industries Ltd,BELRISE,"Auto Parts","15963.542825288001"
Dr. Agarwal's Health Care Ltd,AGARWALEYE,"Hospitals & Diagnostic Centres","15940.594000739999"
LMW Ltd,LMW,"Industrial Machinery","15899.5089"
Deepak Fertilisers and Petrochemicals Corp Ltd,DEEPAKFERT,"Fertilizers & Agro Chemicals","15841.58465925"
JSW Cement Ltd,JSWCEMENT,"Cement","15840.929661535998"
Sobha Ltd,SOBHA,"Real Estate","15822.878335029998"
Nava Limited,NAVA,"Iron & Steel","15716.475862660001"
Great Eastern Shipping Company Ltd,GESHIP,"Oil & Gas - Storage & Transportation","15657.274546870001"
BEML Ltd,BEML,"Rail","15633.3453"
Doms Industries Ltd,DOMS,"Stationery","15608.9049892"
CEAT Ltd,CEATLTD,"Tires & Rubber","15581.68969176"
Kajaria Ceramics Ltd,KAJARIACER,"Building Products - Ceramics","15521.0846605"
Travel Food Services Ltd,TRAVELFOOD,"Airports","15415.71719188"
RRP Semiconductor Ltd,RRP,"Electronic Equipments","15226.70938"
Ola Electric Mobility Ltd,OLAELEC,"Two Wheelers","15184.984038378"
Reliance Power Ltd,RPOWER,"Power Generation","15112.107109764002"
Anupam Rasayan India Ltd,ANURAS,"Specialty Chemicals","15037.0847848"
Data Patterns (India) Ltd,DATAPATTNS,"Aerospace & Defense Equipments","14991.387218820002"
Granules India Ltd,GRANULES,"Pharmaceuticals","14981.15318226"
Aditya Birla Lifestyle Brands Ltd,ABLBL,"Retail - Apparel","14968.903690160001"
Nippon India ETF Nifty Bank BeES,BANKBEES,"Equity","14968.75469825"
CIE Automotive India Ltd,CIEINDIA,"Auto Parts","14918.425475525"
Jupiter Wagons Ltd,JWL,"Rail","14853.257869695"
Gabriel India Ltd,GABRIEL,"Auto Parts","14782.3978654"
JBM Auto Ltd,JBMA,"Auto Parts","14721.767934"
Swan Corp Ltd,SWANCORP,"Textiles","14666.647695939999"
Elgi Equipments Ltd,ELGIEQUIP,"Industrial Machinery","14610.67828584"
Tega Industries Ltd,TEGA,"Industrial Machinery","14580.78362784"
Caplin Point Laboratories Ltd,CAPLIPOINT,"Pharmaceuticals","14562.32071968"
Leela Palaces Hotels & Resorts Ltd,THELEELA,"Hotels, Resorts & Cruise Lines","14517.148956660001"
International Gemmological Institute (India) Ltd,IGIL,"Education Services","14477.349816"
UTI Asset Management Company Ltd,UTIAMC,"Asset Management","14450.0750597"
Canara HSBC Life Insurance Company Ltd,CANHLIFE,"Insurance","14405.8"
IFCI Ltd,IFCI,"Specialized Finance","14393.027156201999"
Afcons Infrastructure Ltd,AFCONS,"Construction & Engineering","14341.761685845002"
V Guard Industries Ltd,VGUARD,"Electrical Components & Equipments","14299.013820029999"
Jain Resource Recycling Ltd,JAINREC,"Metals - Diversified","14226.16268215"
Akzo Nobel India Ltd,AKZOINDIA,"Specialty Chemicals","14225.88328732"
Syrma SGS Technology Ltd,SYRMA,"Electronic Equipments","14213.71479045"
IndiGrid Infrastructure Trust,INDIGRID,"Power Transmission & Distribution","14095.686106320001"
Aptus Value Housing Finance India Ltd,APTUS,"Home Financing","14065.30165424"
Vedant Fashions Ltd,MANYAVAR,"Textiles","14063.283201639999"
Shriram Pistons & Rings Ltd,SHRIPISTON,"Auto Parts","14058.941827839999"
Concord Biotech Ltd,CONCORDBIO,"Pharmaceuticals","14018.571336"
ACME Solar Holdings Ltd,ACMESOLAR,"Renewable Energy","14005.220334048001"
LT Foods Ltd,LTFOODS,"Packaged Foods","13923.10678968"
Niva Bupa Health Insurance Company Ltd,NIVABUPA,"Insurance","13916.131041914"
Intellect Design Arena Ltd,INTELLECT,"Software Services","13811.734902679998"
Brainbees Solutions Ltd,FIRSTCRY,"Retail - Apparel","13799.124386320002"
JM Financial Ltd,JMFINANCIL,"Investment Banking & Brokerage","13798.970311517001"
Cemindia Projects Ltd,CEMPRO,"Construction & Engineering","13714.661768639999"
Trident Ltd,TRIDENT,"Textiles","13696.38324096"
Minda Corporation Ltd,MINDACORP,"Auto Parts","13681.52975643"
India Cements Ltd,INDIACEM,"Cement","13675.763480130001"
Rainbow Children's Medicare Ltd,RAINBOW,"Hospitals & Diagnostic Centres","13659.706482"
Gravita India Ltd,GRAVITA,"Metals - Lead","13657.62900608"
Aarti Industries Ltd,AARTIIND,"Specialty Chemicals","13648.03322916"
JK Tyre & Industries Ltd,JKTYRE,"Tires & Rubber","13633.866443385"
Acutaas Chemicals Ltd,ACUTAAS,"Biotechnology","13532.47775538"
Zydus Wellness Ltd,ZYDUSWELL,"FMCG - Foods","13502.7409568"
Usha Martin Ltd,USHAMART,"Iron & Steel","13487.06362035"
Indiamart Intermesh Ltd,INDIAMART,"Online Services","13313.12539158"
KSB Ltd,KSB,"Industrial Machinery","13226.98072"
Nuvoco Vistas Corporation Ltd,NUVOCO,"Cement","13198.705634115"
Nippon India ETF Gold BeES,GOLDBEES,"Gold","13197.557748053"
Bls International Services Ltd,BLS,"Outsourced services","13182.3477412"
Cartrade Tech Ltd,CARTRADE,"Online Services","13169.2462881"
Blue Dart Express Ltd,BLUEDART,"Logistics","12915.1144762"
Fine Organic Industries Ltd,FINEORG,"Specialty Chemicals","12885.77471328"
Cupid Ltd,CUPID,"FMCG - Personal Products","12872.999363"
Bombay Burmah Trading Corporation, Ltd,BBTC,"Tea & Coffee","12816.400311"
Lemon Tree Hotels Ltd,LEMONTREE,"Hotels, Resorts & Cruise Lines","12794.673892433999"
Privi Speciality Chemicals Ltd,PRIVISCL,"Specialty Chemicals","12750.84849252"
Emmvee Photovoltaic Power Ltd,EMMVEE,"Renewable Energy Equipment & Services","12737.763917134"
Kirloskar Brothers Ltd,KIRLOSBROS,"Industrial Machinery","12719.72176668"
Vardhman Textiles Ltd,VTL,"Textiles","12713.912712675"
Welspun Living Ltd,WELSPUNLIV,"Textiles","12669.085378098"
SKF India (Industrial) Ltd,SKFINDUS,"Industrial Machinery","12653.15225022"
Techno Electric & Engineering Company Ltd,TECHNOE,"Construction & Engineering","12625.481753439999"
CCL Products (India) Ltd,CCL,"Tea & Coffee","12563.00550216"
Birlasoft Ltd,BSOFT,"IT Services & Consulting","12505.324551875"
Indegene Ltd,INDGN,"Business Support Services","12503.768416965"
Gallantt Ispat Ltd,GALLANTT,"Iron & Steel","12497.146546275"
Zen Technologies Ltd,ZENTEC,"Electronic Equipments","12360.992600880001"
Cyient Ltd,CYIENT,"Software Services","12357.57588966"
SBI Nifty 50 ETF,SETFNIF50,"Equity","12345.305856121"
Chennai Petroleum Corporation Ltd,CHENNPETRO,"Oil & Gas - Refining & Marketing","12335.075819"
Can Fin Homes Ltd,CANFINHOME,"Home Financing","12321.416956875"
Eureka Forbes Ltd,EUREKAFORB,"Home Electronics & Appliances","12314.78662932"
Bata India Ltd,BATAINDIA,"Footwear","12218.4705901"
NMDC Steel Ltd,NSLNISP,"Iron & Steel","12205.97336525"
Kotak Nifty Bank ETF,BANKNIFTY1,"Equity","12152.77204856"
RITES Ltd,RITES,"Business Support Services","12142.45435011"
Railtel Corporation of India Ltd,RAILTEL,"Communication & Networking","12139.495244775"
Titagarh Rail Systems Ltd,TITAGARH,"Rail","12090.3375222"
Supreme Petrochem Ltd,SPLPETRO,"Specialty Chemicals","12058.15105575"
Indian Energy Exchange Ltd,IEX,"Power Trading & Consultancy","12037.56872544"
Blackbuck Ltd,BLACKBUCK,"Logistics","12014.45540405"
PCBL Chemical Ltd,PCBL,"Commodity Chemicals","11971.0997267"
Cello World Ltd,CELLO,"FMCG - Household Products","11945.46263872"
Jaiprakash Power Ventures Ltd,JPPOWER,"Renewable Energy","11863.337229536999"
Newgen Software Technologies Ltd,NEWGEN,"Software Services","11853.08810944"
Sandur Manganese and Iron Ores Ltd,SANDUMA,"Mining - Manganese","11788.0417395"
Finolex Cables Ltd,FINCABLES,"Cables","11733.5065484"
Aavas Financiers Ltd,AAVAS,"Home Financing","11720.943013330001"
Home First Finance Company India Ltd,HOMEFIRST,"Home Financing","11592.6342986"
Tilaknagar Industries Ltd,TI,"Alcoholic Beverages","11544.113381625"
Engineers India Ltd,ENGINERSIN,"Construction & Engineering","11541.540129555"
Whirlpool of India Ltd,WHIRLPOOL,"Home Electronics & Appliances","11530.1119104"
SBFC Finance Ltd,SBFC,"Specialized Finance","11449.626803325"
Avanti Feeds Ltd,AVANTIFEED,"Packaged Foods & Meats","11390.81589615"
Graphite India Ltd,GRAPHITE,"Electrical Components & Equipments","11386.48961832"
Sammaan Capital Ltd,SAMMAANCAP,"Home Financing","11369.454051436"
Action Construction Equipment Ltd,ACE,"Heavy Machinery","11320.725824"
Le Travenues Technology Ltd,IXIGO,"Online Services","11252.34881942"
Rubicon Research Ltd,RUBICON,"Pharmaceuticals","11235.9710738"
Aether Industries Ltd,AETHER,"Specialty Chemicals","11227.66423597"
Mahanagar Gas Ltd,MGL,"Gas Distribution","11227.08224748"
Jubilant Ingrevia Ltd,JUBLINGREA,"Specialty Chemicals","11223.1789969"
Alivus Life Sciences Ltd,ALIVUS,"Pharmaceuticals","11129.65189056"
TD Power Systems Ltd,TDPOWERSYS,"Heavy Electrical Equipments","11100.6258198"
Safari Industries (India) Ltd,SAFARI,"Apparel & Accessories","10938.01620954"
Godrej Agrovet Ltd,GODREJAGRO,"Agro Products","10868.51145094"
Jammu and Kashmir Bank Ltd,J&KBANK,"Private Banks","10848.849625476"
HEG Ltd,HEG,"Electrical Components & Equipments","10802.8821294"
Elecon Engineering Company Ltd,ELECON,"Heavy Electrical Equipments","10737.5366505"
Shaily Engineering Plastics Ltd,SHAILY,"Industrial Machinery","10731.892868289999"
Prudent Corporate Advisory Services Ltd,PRUDENT,"Asset Management","10718.119118"
Ingersoll-Rand (India) Ltd,INGERRAND,"Industrial Machinery","10640.94144"
Vijaya Diagnostic Centre Ltd,VIJAYA,"Hospitals & Diagnostic Centres","10632.030876"
Azad Engineering Ltd,AZAD,"Renewable Energy Equipment & Services","10626.92581065"
Jindal SAW Ltd,JINDALSAW,"Building Products - Pipes","10584.594731244"
Sansera Engineering Ltd,SANSERA,"Auto Parts","10570.658647839999"
Finolex Industries Ltd,FINPIPE,"Building Products - Pipes","10499.588420805001"
Shipping Corporation of India Ltd,SCI,"Logistics","10475.8197349"
TSF Investments Ltd,TSFINV,"Investment Banking & Brokerage","10396.6816866"
Jyothy Labs Ltd,JYOTHYLAB,"FMCG - Household Products","10368.301718085"
Lumax AutoTechnologies Ltd,LUMAXTECH,"Auto Parts","10343.6133108"
Sanofi Consumer Healthcare India Ltd,SANOFICONR,"Pharmaceuticals","10304.13058902"
Ujjivan Small Finance Bank Ltd,UJJIVANSFB,"Private Banks","10279.669909450999"
Happy Forgings Ltd,HAPPYFORGE,"Heavy Machinery","10269.48075927"
Edelweiss Financial Services Ltd,EDELWEISS,"Diversified Financials","10238.001945708"
Sonata Software Ltd,SONATSOFTW,"IT Services & Consulting","10171.104299395"
Olectra Greentech Ltd,OLECTRA,"Electrical Components & Equipments","10159.95362586"
IIFL Capital Services Ltd,IIFLCAPS,"Diversified Financials","10110.9746746"
Relaxo Footwears Ltd,RELAXO,"Footwear","10037.20378752"
Thangamayil Jewellery Ltd,THANGAMAYL,"Precious Metals, Jewellery & Watches","9972.04479743"
Metropolis Healthcare Ltd,METROPOLIS,"Hospitals & Diagnostic Centres","9942.0472467"
NCC Ltd,NCC,"Construction & Engineering","9926.882402868"
INOX India Ltd,INOXINDIA,"Industrial Machinery","9887.77569"
Banco Products (India) Ltd,BANCOINDIA,"Auto Parts","9872.434446"
South Indian Bank Ltd,SOUTHBANK,"Private Banks","9850.968359867999"
PVR INOX Ltd,PVRINOX,"Theatres","9828.834196580001"
G R Infraprojects Ltd,GRINFRA,"Construction & Engineering","9808.61482473"
Tata Teleservices (Maharashtra) Ltd,TTML,"Telecom Services","9802.007623178"
Vesuvius India Ltd,VESUVIUS,"Industrial Machinery","9785.754972"
MedPlus Health Services Ltd,MEDPLUS,"Online Services","9759.270708560001"
Waaree Renewable Technologies Ltd,WAAREERTL,"Renewable Energy","9739.756941669999"
MMTC Ltd,MMTC,"Commodities Trading","9636"
JK Lakshmi Cement Ltd,JKLAKSHMI,"Cement","9632.366013339999"
Apollo Micro Systems Ltd,APOLLO,"Electronic Equipments","9559.3592322"
Latent View Analytics Ltd,LATENTVIEW,"IT Services & Consulting","9538.2069531"
ASK Automotive Ltd,ASKAUTOLTD,"Auto Parts","9531.84471"
Healthcare Global Enterprises Ltd,HCG,"Hospitals & Diagnostic Centres","9479.94343551"
Sanofi India Ltd,SANOFI,"Pharmaceuticals","9431.730627660001"
Black Box Ltd,BBOX,"Software Services","9384.74919396"
ESAB India Ltd,ESABINDIA,"Industrial Machinery","9379.736737"
Procter & Gamble Health Ltd,PGHL,"Pharmaceuticals","9369.5211699"
Clean Science and Technology Ltd,CLEAN,"Specialty Chemicals","9350.20638202"
Aequs Ltd,AEQUS,"Aerospace & Defense Equipments","9347.066954995"
Aditya Birla Fashion and Retail Ltd,ABFRL,"Retail - Apparel","9338.057024714"
Kama Holdings Ltd,KAMAHOLD,"Conglomerates","9324.237472"
Motilal Oswal NASDAQ 100 ETF,MON100,"Equity","9322.98925692"
SeQuent Scientific Ltd,SEQUENT,"Pharmaceuticals","9302.277014004"
Astra Microwave Products Ltd,ASTRAMICRO,"Communication & Networking","9298.91408352"
RHI Magnesita India Ltd,RHIM,"Cement","9285.33662009"
Varroc Engineering Ltd,VARROC,"Auto Parts","9260.383704"
KRBL Ltd,KRBL,"Packaged Foods & Meats","9254.018333560001"
Ramkrishna Forgings Ltd,RKFORGE,"Rail","9250.192481639999"
CE Info Systems Ltd,MAPMYINDIA,"Software Services","9183.3898203"
Blue Jet Healthcare Ltd,BLUEJET,"Pharmaceuticals","9178.05563675"
Genus Power Infrastructures Ltd,GENUSPOWER,"Electronic Equipments","9141.74293675"
Star Cement Ltd,STARCEMENT,"Cement","9125.585455026"
Jupiter Life Line Hospitals Ltd,JLHL,"Hospitals & Diagnostic Centres","9107.776116019999"
Lloyds Enterprises Ltd,LLOYDSENT,"Commodities Trading","9099.521719194001"
Time Technoplast Ltd,TIMETECHNO,"Plastic Products","9093.750951938"
Shakti Pumps (India) Ltd,SHAKTIPUMP,"Industrial Machinery","9070.367417325"
Vikram Solar Ltd,VIKRAMSOLR,"Renewable Energy Equipment & Services","8924.19235803"
HFCL Ltd,HFCL,"Telecom Equipments","8864.625041064"
Balrampur Chini Mills Ltd,BALRAMCHIN,"Sugar","8857.54612296"
Gujarat Pipavav Port Ltd,GPPL,"Ports","8847.91723282"
India Shelter Finance Corporation Ltd,INDIASHLTR,"Home Financing","8802.06594511"
Nazara Technologies Ltd,NAZARA,"Theme Parks & Gaming","8794.83966976"
SKF India Ltd,SKFINDIA,"Industrial Machinery","8793.03609918"
Jeena Sikho Lifecare Ltd,JSLL,"Pharmaceuticals","8790.5476256"
Zee Entertainment Enterprises Ltd,ZEEL,"TV Channels & Broadcasters","8760.89762982"
Triveni Engineering and Industries Ltd,TRIVENI,"Sugar","8758.10769968"
Honasa Consumer Ltd,HONASA,"FMCG - Personal Products","8734.55211993"
Embassy Developments Ltd,EMBDL,"Real Estate","8707.169424312"
V2 Retail Ltd,V2RETAIL,"Retail - Apparel","8705.3568687"
Transformers and Rectifiers (India) Ltd,TARIL,"Heavy Electrical Equipments","8662.78596924"
Nesco Ltd,NESCO,"Real Estate","8617.253108"
TTK Prestige Ltd,TTKPRESTIG,"Home Electronics & Appliances","8558.75174508"
Ashapura Minechem Ltd,ASHAPURMIN,"Metals - Diversified","8549.108140510001"
Westlife Foodworld Ltd,WESTLIFE,"Restaurants & Cafes","8446.54023094"
BHARAT Bond ETF-April 2030-Growth,EBBETF0430,"Debt","8431.986911616"
Strides Pharma Science Ltd,STAR,"Pharmaceuticals","8397.39510897"
Bharat Bond ETF - April 2023,EBBETF0423,"Debt","8369.700871194"
P N Gadgil Jewellers Ltd,PNGJL,"Precious Metals, Jewellery & Watches","8364.383104455"
Mahindra Lifespace Developers Ltd,MAHLIFE,"Real Estate","8352.319576214999"
Corona Remedies Ltd,CORONA,"Pharmaceuticals","8346.517209360001"
Birla Corporation Ltd,BIRLACORPN,"Cement","8288.08549761"
BHARAT Bond ETF-April 2032,BBETF0432,"Debt","8286.718720878"
Orkla India Ltd,ORKLAINDIA,"Packaged Foods & Meats","8274.83443815"
Religare Enterprises Ltd,RELIGARE,"Investment Banking & Brokerage","8246.640031536"
KPI Green Energy Ltd,KPIGREEN,"Renewable Energy","8217.28227972"
Transport Corporation of India Ltd,TCI,"Logistics","8215.925767960001"
Powergrid Infrastructure Investment Trust,PGINVIT,"Power Transmission & Distribution","8183.6228056"
Arvind Ltd,ARVIND,"Apparel & Accessories","8138.659572"
Marksans Pharma Ltd,MARKSANS,"Pharmaceuticals","8109.8183984160005"
Sapphire Foods India Ltd,SAPPHIRE,"Restaurants & Cafes","8097.5636743800005"
Alkyl Amines Chemicals Ltd,ALKYLAMINE,"Specialty Chemicals","8086.897502239999"
Alok Industries Ltd,ALOKINDS,"Textiles","8083.411372828"
WeWork India Management Ltd,WEWORK,"Real Estate","8030.67367928"
Transrail Lighting Ltd,TRANSRAILL,"Power Infrastructure","8030.524135375"
Ethos Ltd,ETHOSLTD,"Precious Metals, Jewellery & Watches","8024.6321307"
Va Tech Wabag Ltd,WABAG,"Water Management","8011.4266072"
Tamilnad Mercantile Bank Ltd,TMB,"Private Banks","7995.164912460001"
Campus Activewear Ltd,CAMPUS,"Apparel & Accessories","7989.6181818"
Inox Green Energy Services Ltd,INOXGREEN,"Heavy Electrical Equipments","7933.264740139999"
Tejas Networks Ltd,TEJASNET,"Telecom Equipments","7932.559718375"
Bengal & Assam Company Ltd,BENGALASM,"Diversified Financials","7926.8501949"
GMR Power and Urban Infra Ltd,GMRP&UI,"Power Generation","7926.818555266001"
Voltamp Transformers Ltd,VOLTAMP,"Heavy Electrical Equipments","7868.59008"
Manorama Industries Ltd,MANORAMA,"Packaged Foods & Meats","7852.8658656"
Rashtriya Chemicals and Fertilizers Ltd,RCF,"Fertilizers & Agro Chemicals","7827.9024509"
ELANTAS Beck India Ltd,ELANTAS,"Electrical Components & Equipments","7809.718091839999"
Jayaswal Neco Industries Ltd,JAYNECOIND,"Iron & Steel","7774.782939708"
Dilip Buildcon Ltd,DBL,"Construction & Engineering","7746.181861605"
Lloyds Engineering Works Ltd,LLOYDSENGG,"Industrial Machinery","7743.935198130001"
Sharda Cropchem Ltd,SHARDACROP,"Fertilizers & Agro Chemicals","7737.3096512"
Sri Lotus Developers and Realty Ltd,LOTUSDEV,"Real Estate","7686.64651088"
Indian Metals and Ferro Alloys Ltd,IMFA,"Iron & Steel","7673.89249638"
Borosil Renewables Ltd,BORORENEW,"Housewares","7673.236431075"
Karnataka Bank Ltd,KTKBANK,"Private Banks","7649.401018776"
Kirloskar Ferrous Industries Ltd,KIRLFER,"Iron & Steel","7629.507125239999"
Rategain Travel Technologies Ltd,RATEGAIN,"Software Services","7623.252046925"
Pricol Ltd,PRICOLLTD,"Auto Parts","7585.904435519999"
Bluestone Jewellery and Lifestyle Ltd,BLUESTONE,"Precious Metals, Jewellery & Watches","7464.6339507600005"
Moil Ltd,MOIL,"Mining - Manganese","7424.157923335"
Power Mech Projects Ltd,POWERMECH,"Construction & Engineering","7408.961867280001"
Sudarshan Chemical Industries Ltd,SUDARSCHEM,"Diversified Chemicals","7402.099893760001"
Max Estates Ltd,MAXESTATES,"Real Estate","7401.01900428"
Dodla Dairy Ltd,DODLA,"FMCG - Foods","7392.56971486"
Maharashtra Seamless Ltd,MAHSEAMLES,"Building Products - Pipes","7386.038770239999"
Diamond Power Infrastructure Ltd,DIACABS,"Electrical Components & Equipments","7373.906042580001"
MTAR Technologies Ltd,MTARTECH,"Industrial Machinery","7364.153681310001"
Pearl Global Industries Ltd,PGIL,"Apparel & Accessories","7333.59686904"
Thyrocare Technologies Ltd,THYROCARE,"Hospitals & Diagnostic Centres","7330.191679005"
Garware Hi-Tech Films Ltd,GRWRHITECH,"Commodity Chemicals","7285.446434460001"
Galaxy Surfactants Ltd,GALAXYSURF,"Specialty Chemicals","7282.4060608"
Atlanta Electricals Ltd,ATLANTAELE,"Electrical Components & Equipments","7231.743098125"
Happiest Minds Technologies Ltd,HAPPSTMNDS,"IT Services & Consulting","7171.637225580001"
Mrs. Bectors Food Specialities Ltd,BECTORFOOD,"FMCG - Foods","7171.3002992"
Gujarat Narmada Valley Fertilizers & Chemicals Ltd,GNFC,"Fertilizers & Agro Chemicals","7168.501220155001"
CSB Bank Ltd,CSBBANK,"Private Banks","7125.68597952"
Tanla Platforms Ltd,TANLA,"Software Services","7123.91905323"
Kalpataru Ltd,KALPATARU,"Real Estate","7091.67791892"
Gujarat State Fertilizers & Chemicals Ltd,GSFC,"Fertilizers & Agro Chemicals","7090.50916882"
Reliance Infrastructure Ltd,RELINFRA,"Power Infrastructure","7069.698280080001"
Equitas Small Finance Bank Ltd,EQUITASBNK,"Private Banks","7066.759737135"
Sudeep Pharma Ltd,SUDEEPPHRM,"Pharmaceuticals","7031.05190625"
Swan Defence and Heavy Industries Ltd,SWANDEF,"Shipbuilding","6965.1070515"
Balu Forge Industries Ltd,BALUFORGE,"Construction & Engineering","6963.1952115"
Prism Johnson Ltd,PRSMJOHNSN,"Cement","6958.9047185"
Garware Technical Fibres Ltd,GARFIBRES,"Textiles","6941.164211625"
Welspun Enterprises Ltd,WELENT,"Construction & Engineering","6914.9845098"
Arvind Fashions Ltd,ARVINDFASN,"Textiles","6912.31722097"
India Glycols Ltd,INDIAGLYCO,"Commodity Chemicals","6886.3298361"
Maple Infrastructure Trust,MIT,"Roads","6883.577792"
Akums Drugs and Pharmaceuticals Ltd,AKUMS,"Pharmaceuticals","6834.4758691199995"
RedTape,REDTAPE,"Retail - Apparel","6809.4840168"
PC Jeweller Ltd,PCJEWELLER,"Precious Metals, Jewellery & Watches","6800.84322544"
EPL Ltd,EPL,"Packaging","6796.005820815"
Kirloskar Pneumatic Company Ltd,KIRLPNU,"Industrial Machinery","6785.5377591"
Network18 Media & Investments Ltd,NETWORK18,"Movies & TV Serials","6775.548079092"
SBI Gold ETF,SETFGOLD,"Gold","6771.6343504"
AJAX Engineering Ltd,AJAXENGG,"Construction & Engineering","6767.734254"
Tips Music Ltd,TIPSMUSIC,"Movies & TV Serials","6754.6212156"
Ahluwalia Contracts (India) Ltd,AHLUCONT,"Construction & Engineering","6746.3171676"
Aarti Pharmalabs Ltd,AARTIPHARM,"Labs & Life Sciences Services","6730.5615795"
Saregama India Ltd,SAREGAMA,"Movies & TV Serials","6728.58009185"
Ganesh Housing Ltd,GANESHHOU,"Real Estate","6697.6510688"
Cera Sanitaryware Ltd,CERA,"Building Products - Ceramics","6680.9191878"
Isgec Heavy Engineering Ltd,ISGEC,"Heavy Machinery","6665.81772905"
Thomas Cook (India) Ltd,THOMASCOOK,"Tour & Travel Services","6654.1614038650005"
Mastek Ltd,MASTEK,"IT Services & Consulting","6646.324199109999"
Keystone Realtors Ltd,RUSTOMJEE,"Real Estate","6641.624439605001"
F D C Ltd,FDC,"Pharmaceuticals","6630.4406709"
Yatharth Hospital & Trauma Care Services Ltd,YATHARTH,"Hospitals & Diagnostic Centres","6607.98180306"
Fujiyama Power Systems Ltd,UTLSOLAR,"Renewable Energy Equipment & Services","6594.882532482"
Nippon India ETF Nifty 50 BeES,NIFTYBEES,"Equity","6566.940502156"
Aditya Vision Ltd,AVL,"Retail - Speciality","6559.56724975"
Archean Chemical Industries Ltd,ACI,"Commodity Chemicals","6527.245290780001"
Suprajit Engineering Ltd,SUPRAJIT,"Auto Parts","6522.6914976650005"
IFB Industries Ltd,IFBIND,"Auto Parts","6514.20683292"
Dynamatic Technologies Ltd,DYNAMATECH,"Auto Parts","6505.5232497"
PNC Infratech Ltd,PNCINFRA,"Construction & Engineering","6462.478105515001"
Valor Estate Ltd,DBREALTY,"Real Estate","6408.444662435"
Kovai Medical Center and Hospital Ltd,KOVAI,"Hospitals & Diagnostic Centres","6360.95574584"
Sheela Foam Ltd,SFL,"Home Furnishing","6298.70247732"
Park Medi World Ltd,PARKHOSPS,"Hospitals & Diagnostic Centres","6283.298278608"
Shilpa Medicare Ltd,SHILPAMED,"Pharmaceuticals","6283.065839"
Rajesh Exports Ltd,RAJESHEXPO,"Precious Metals, Jewellery & Watches","6282.541407602"
Interise Trust,INTERISE,"Roads","6266.1528877"
Shrem InvIT,SHREMINVIT,"Roads","6230.610432"
Greenlam Industries Ltd,GREENLAM,"Building Products - Laminates","6225.6039288"
Mahindra Holidays and Resorts India Ltd,MHRIL,"Hotels, Resorts & Cruise Lines","6218.315514495"
Oswal Pumps Ltd,OSWALPUMPS,"Industrial Machinery","6188.9735802"
Hindustan Foods Ltd,HNDFDS,"FMCG - Foods","6178.4019130199995"
JK Paper Ltd,JKPAPER,"Paper Products","6167.09233332"
Just Dial Ltd,JUSTDIAL,"Online Services","6145.32691482"
Canara Robeco Asset Management Company Ltd,CRAMC,"Asset Management","6141.05969526"
Raymond Lifestyle Ltd,RAYMONDLSL,"Apparel & Accessories","6130.77672074"
Praj Industries Ltd,PRAJIND,"Construction & Engineering","6122.8139612800005"
Midwest Ltd,MIDWESTLTD,"Building Products - Granite","6101.052875519999"
Aurionpro Solutions Ltd,AURIONPRO,"IT Services & Consulting","6086.51967296"
Wakefit Innovations Ltd,WAKEFIT,"Home Furnishing","6079.340183675"
Fiem Industries Ltd,FIEMIND,"Auto Parts","6069.8399892"
Niit Learning Systems Ltd,NIITMTS,"Education Services","5994.2170843"
Ram Ratna Wires Ltd,RAMRAT,"Electrical Components & Equipments","5982.7420244800005"
Mishra Dhatu Nigam Ltd,MIDHANI,"Metals - Diversified","5968.6524"
Supriya Lifescience Ltd,SUPRIYA,"Pharmaceuticals","5942.849952"
Pilani Investment And Industries Corporation Ltd,PILANIINVS,"Asset Management","5938.047675"
Avalon Technologies Ltd,AVALON,"Electronic Equipments","5921.187287625"
Sunteck Realty Ltd,SUNTECK,"Real Estate","5917.42654818"
Symphony Ltd,SYMPHONY,"Home Electronics & Appliances","5915.354396"
ICRA Ltd,ICRA,"Stock Exchanges & Ratings","5904.3928944"
Gulf Oil Lubricants India Ltd,GULFOILLUB,"Commodity Chemicals","5874.953491759999"
V-mart Retail Ltd,VMART,"Retail - Department Stores","5867.763581625"
Puravankara Ltd,PURVA,"Real Estate","5852.854250480001"
Jai Balaji Industries Ltd,JAIBALAJI,"Iron & Steel","5852.09292345"
Energy Infrastructure Trust,ENERGYINF,"Oil & Gas - Storage & Transportation","5839.88"
Surya Roshni Ltd,SURYAROSNI,"Iron & Steel","5811.021379205"
Gujarat Ambuja Exports Ltd,GAEL,"Agro Products","5767.324878840001"
Juniper Hotels Ltd,JUNIPER,"Hotels, Resorts & Cruise Lines","5764.369262288"
Quality Power Electrical Equipments Ltd,QPOWER,"Power Trading & Consultancy","5744.803338"
HMT Ltd,HMT,"Industrial Machinery","5742.31303116"
Rattanindia Enterprises Ltd,RTNINDIA,"Power Trading & Consultancy","5737.587994619999"
MAS Financial Services Ltd,MASFIN,"Diversified Financials","5731.204912544999"
Gokaldas Exports Ltd,GOKEX,"Apparel & Accessories","5719.66827241"
LG Balakrishnan & Bros Ltd,LGBBROSLTD,"Industrial Machinery","5702.68290496"
Texmaco Rail & Engineering Ltd,TEXRAIL,"Rail","5699.765789148"
CMS Info Systems Ltd,CMSINFO,"Software Services","5669.36848827"
Shreeji Shipping Global Ltd,SHREEJISPG,"Logistics","5632.89863205"
Paras Defence and Space Technologies Ltd,PARAS,"Aerospace & Defense Equipments","5628.62206385"
Kingfa Science and Technology (India) Ltd,KINGFA,"Commodity Chemicals","5625.58479453"
Axiscades Technologies Ltd,AXISCADES,"Construction & Engineering","5619.523304130001"
Piccadily Agro Industries Ltd,PICCADIL,"Sugar","5610.42961856"
Subros Ltd,SUBROS,"Auto Parts","5596.5749925"
SJS Enterprises Ltd,SJS,"Auto Parts","5587.9507596"
Bajaj Electricals Ltd,BAJAJELEC,"Home Electronics & Appliances","5567.49223"
Fedbank Financial Services Ltd,FEDFINA,"Diversified Financials","5525.8624896"
Epigral Ltd,EPIGRAL,"Commodity Chemicals","5512.16875626"
Shree Renuka Sugars Ltd,RENUKA,"Sugar","5504.2745529779995"
V I P Industries Ltd,VIPIND,"Apparel & Accessories","5488.86740976"
DCB Bank Ltd,DCBBANK,"Private Banks","5484.5512392559995"
Dhanuka Agritech Ltd,DHANUKA,"Fertilizers & Agro Chemicals","5449.067805119999"
Nuvama Wealth Management Ltd,NUVAMA,"Diversified Financials","5430.5502979"
Capillary Technologies India Ltd,CAPILLARY,"Software Services","5415.011301575"
Sharda Motor Industries Ltd,SHARDAMOTR,"Auto Parts","5395.46324841"
Infibeam Avenues Ltd,INFIBEAM,"IT Services & Consulting","5387.69657106"
Smartworks Coworking Spaces Ltd,SMARTWORKS,"Real Estate","5382.88640036"
Gokul Agro Resources Ltd,GOKULAGRO,"Packaged Foods & Meats","5379.43083268"
Indigo Paints Ltd,INDIGOPNTS,"Paints","5375.4308905"
Rallis India Ltd,RALLIS,"Fertilizers & Agro Chemicals","5372.20308625"
Responsive Industries Ltd,RESPONIND,"Building Products - Granite","5291.9129898559995"
SML Mahindra Limited,SMLMAH,"Trucks & Buses","5251.90504986"
Midwest Gold Ltd,MIDWEST,"Mining - Diversified","5250.14965839"
Senco Gold Ltd,SENCO,"Precious Metals, Jewellery & Watches","5243.0795823"
Indo Count Industries Ltd,ICIL,"Textiles","5234.5762062"
Man Infraconstruction Ltd,MANINFRA,"Construction & Engineering","5212.94924557"
GHCL Ltd,GHCL,"Commodity Chemicals","5200.71514835"
Zota Health Care Ltd,ZOTA,"Pharmaceuticals","5189.69762766"
PDS Ltd,PDSL,"Textiles","5170.520507130001"
Sky Gold and Diamonds Ltd,SKYGOLD,"Precious Metals, Jewellery & Watches","5156.19301778"
Crizac Ltd,CRIZAC,"Education Services","5115.6133875"
Lumax Industries Ltd,LUMAXIND,"Auto Parts","5114.6115638"
RattanIndia Power Ltd,RTNPOWER,"Power Generation","5112.340778719999"
VST Tillers Tractors Ltd,VSTTILLERS,"Tractors","5100.8777237"
India Tourism Development Corp Ltd,ITDC,"Tour & Travel Services","5089.127349"
HG Infra Engineering Ltd,HGINFRA,"Construction & Engineering","5088.56034688"
Kotak Gold Etf,GOLD1,"Gold","5064.5993624"
Technocraft Industries (India) Ltd,TIIL,"Industrial Machinery","5051.726122380001"
Sterling and Wilson Renewable Energy Ltd,SWSOLAR,"Renewable Energy Equipment & Services","5036.3450735199995"
Indus Infra Trust,INDUSINVIT,"Power Infrastructure","5034.44018443"
Blue Pearl Agriventures Ltd,BPAGRI,"Commodities Trading","5033.18368"
KNR Constructions Ltd,KNRCON,"Construction & Engineering","5032.1306978"
Sterlite Technologies Ltd,STLTECH,"Telecom Equipments","5027.706774985"
Jamna Auto Industries Ltd,JAMNAAUTO,"Auto Parts","5021.959812495"
Kaveri Seed Company Ltd,KSCL,"Seeds","5014.5119278"